moisture,rain_prob,temperature,humidity,hour_of_day,decision
77.1133106816568,91.7502931836912,8.9,33,21,NO_IRRIGATION
64.86938832629416,49.31782679481783,3.7,49,16,WAIT
72.26535969683863,27.160196129224033,28.1,73,7,NO_IRRIGATION
38.09430456677826,2.588073671297673,6.4,74,10,WAIT
31.554794998117814,95.36594545112627,3.7,32,11,POSTPONE
74.64520867222014,7.297317866938179,21.4,68,2,NO_IRRIGATION
81.18519752364246,46.77352145256762,28.2,25,21,NO_IRRIGATION
41.85221520660758,32.6648366675527,15.2,78,20,WAIT
42.62654097156085,42.09507030771488,10.7,29,19,WAIT
77.71138648198097,90.44810925151427,18.5,54,20,NO_IRRIGATION
29.846142509898748,100.0,9.2,24,10,POSTPONE
5.109828435863265,75.76367626472668,12.6,83,12,POSTPONE
81.588518525874,29.396303195255065,29.8,88,8,NO_IRRIGATION
57.97822883602477,49.61996443713611,39.9,37,16,WAIT
58.90909412173794,9.611029096666659,6.1,40,21,WAIT
54.964090307319736,47.81619286506537,39.8,87,8,WAIT
73.60779702234498,2.8028341025651855,4.6,88,8,NO_IRRIGATION
39.115521735958765,51.5815775434467,0.1,53,16,WAIT
93.78651880530131,16.70518569836767,11.9,84,19,NO_IRRIGATION
49.62510800075151,73.53499747653503,36.9,20,19,POSTPONE
0.0,49.787218778231846,33.3,59,7,IRRIGATE
76.46949445297994,12.319075948446278,32.6,88,4,NO_IRRIGATION
64.4684867970499,18.65056628940059,34.9,74,6,WAIT
71.55265196635806,85.01151063389696,12.5,67,14,NO_IRRIGATION
53.21004195868266,23.64025896326345,0.8,90,7,WAIT
72.2021738445156,11.07840946548454,2.4,28,1,NO_IRRIGATION
9.141561198085892,36.68977778296281,8.6,36,23,WAIT
73.76211649720899,33.846194242907536,32.3,44,3,NO_IRRIGATION
53.54297566589554,51.67024668036675,29.2,32,1,WAIT
53.28213588441183,10.486563339202856,7.6,77,4,WAIT
50.834880357872336,56.49806447882101,36.9,76,17,WAIT
7.505883295248813,72.36027585079952,38.8,50,5,POSTPONE
58.137472991991814,55.02442865510549,6.6,20,12,WAIT
37.26518073559333,99.55008367339143,16.9,91,21,POSTPONE
15.898978672676371,31.68709364969159,23.2,89,1,WAIT
93.1360480976973,6.841775944589712,20.1,87,5,NO_IRRIGATION
60.80111465240587,18.68521332703792,2.7,50,12,WAIT
19.415961272290893,69.46215347788625,23.8,99,2,POSTPONE
74.6522692384409,44.34706257736427,8.2,60,7,NO_IRRIGATION
17.71690222959971,37.57224572570452,37.2,29,0,IRRIGATE
76.96096447855095,9.376344041016274,20.2,36,11,NO_IRRIGATION
29.69527088738884,19.3818457300771,21.7,58,19,WAIT
83.2894069260227,88.17104135115461,12.0,33,4,NO_IRRIGATION
15.424166839809986,16.723482123148163,24.2,63,6,IRRIGATE
33.054090580979874,36.053364910793235,33.8,31,20,IRRIGATE
30.4408676179905,44.711192230196275,25.5,53,5,WAIT
93.4183551186085,89.27686918980679,0.4,29,22,WAIT
64.36028138060831,47.825095664897944,5.9,36,1,WAIT
37.64651515327256,8.989246365264746,8.4,51,21,WAIT
11.536786346146183,74.84134701451009,16.3,99,23,POSTPONE
33.64605696219964,25.814162046633243,1.0,62,13,WAIT
88.64064028375279,28.66805709594472,31.5,33,12,NO_IRRIGATION
57.22433717545665,56.496584244459186,32.8,49,7,WAIT
4.60033182748629,49.28261951197707,34.6,55,11,IRRIGATE
52.79518118360264,66.31149868214408,1.1,53,5,POSTPONE
28.382571973532627,75.34563758564644,29.1,60,13,POSTPONE
61.15645784029331,69.90078774502297,1.8,75,0,POSTPONE
69.86857146914527,96.370376934903,7.9,75,2,WAIT
43.23155409946409,87.48015279506336,28.8,58,16,POSTPONE
50.261829048574,86.95655202525947,5.1,73,21,WAIT
88.4813456015889,23.155149159513805,12.0,90,0,NO_IRRIGATION
25.298881499898346,75.06661570479763,12.9,76,14,POSTPONE
64.73186185909326,90.69691396198054,3.4,85,21,POSTPONE
37.93387200075563,93.34868598526684,12.4,45,4,POSTPONE
35.83936022781852,81.49737694624731,2.9,73,20,POSTPONE
92.96354250490505,61.996528628765375,5.9,20,3,NO_IRRIGATION
24.758866817065318,89.1795775044374,2.0,51,3,POSTPONE
60.67577732586353,71.9545231846942,38.0,76,19,POSTPONE
63.267407568586556,69.459136120767,6.4,80,14,POSTPONE
34.39862887841921,37.65813684297166,20.9,100,7,WAIT
34.39872593264903,88.85728150863153,10.9,60,17,POSTPONE
16.312614797281867,84.52805266577148,8.6,73,13,POSTPONE
58.15774234103156,29.328911693404876,15.6,94,22,WAIT
5.567320323039343,97.7569034681008,19.1,65,9,POSTPONE
53.382205676102316,94.4613230973384,24.1,48,15,POSTPONE
54.856419937985,47.36129543698382,27.2,71,23,WAIT
24.405056630625587,20.807219775189232,21.4,70,18,IRRIGATE
0.0,50.35699487230564,18.5,26,8,WAIT
46.27352666941734,56.26845804881309,30.4,68,8,WAIT
100.0,50.52271531782381,3.3,22,23,NO_IRRIGATION
41.24222165719748,10.812330496108949,26.1,23,7,WAIT
28.392288462845983,75.5238234578479,5.0,34,18,WAIT
60.99464971246151,96.68895174322941,24.2,34,5,WAIT
13.786847325092435,39.75796728412414,36.3,68,12,WAIT
20.7599647784306,91.30571633780318,9.7,58,21,POSTPONE
17.96227216600212,74.82635346361019,13.9,74,21,POSTPONE
65.47543254056805,4.495756269995773,32.9,33,13,WAIT
47.35585106101446,60.073086437060766,17.4,86,20,POSTPONE
70.74641450371574,58.355744930038945,29.2,54,10,NO_IRRIGATION
8.789282491924702,54.43863439190956,18.6,98,21,WAIT
46.36396619891375,66.50952836312459,7.3,47,11,POSTPONE
40.79658488037586,78.01183750332201,11.1,21,16,WAIT
7.413560503726799,51.88577846848787,30.3,80,20,WAIT
59.92932868132318,8.942355813204973,16.2,51,9,WAIT
84.81555585332367,60.5347295501025,13.8,90,10,NO_IRRIGATION
55.70916426976196,29.305380412985077,28.9,60,3,WAIT
95.3586396538375,98.90163554140551,7.7,81,8,NO_IRRIGATION
97.24636869108608,40.80510630462513,33.3,57,7,NO_IRRIGATION
33.14148367256064,64.26582959847981,1.8,26,17,POSTPONE
17.378696551059274,95.9087869452378,34.9,93,9,POSTPONE
54.40705932560292,3.524783904929726,34.5,34,2,WAIT
50.91746560291068,74.29445706951998,2.1,39,18,WAIT
14.939181227102202,15.580730346176285,16.6,96,19,IRRIGATE
64.80378026146549,53.97353132517387,23.5,74,9,WAIT
73.21027321072148,82.60108777434299,4.0,46,20,NO_IRRIGATION
79.81187465466985,26.738135483264344,3.0,20,13,NO_IRRIGATION
75.69912479007687,1.3147623455602586,28.3,78,2,NO_IRRIGATION
35.878280266467314,80.89789589205257,32.2,45,13,POSTPONE
29.476347234024807,37.2663115965006,2.9,41,9,WAIT
78.48957722069623,76.21192528967639,17.6,79,22,NO_IRRIGATION
55.42676240744041,64.39981562598014,17.5,96,1,POSTPONE
92.223215833583,27.258648923883356,9.2,93,18,WAIT
98.7228158430324,34.76246984602747,30.5,42,15,NO_IRRIGATION
60.160727879267675,27.969454749325635,17.4,82,2,WAIT
58.479610562946505,40.210582559565715,4.2,40,10,WAIT
53.93673673983432,37.625835369914284,16.0,90,1,WAIT
53.88059792775788,30.232737862759947,38.8,71,16,WAIT
1.5766038648312897,68.61976344982143,2.2,86,11,POSTPONE
64.2540874214501,92.51611775186346,10.7,36,9,POSTPONE
88.84711796949998,7.731468158216943,24.4,50,22,NO_IRRIGATION
65.13674464466061,47.932092012815225,39.7,34,14,WAIT
16.477096887837586,18.983755047071952,28.7,85,22,IRRIGATE
65.80244632603376,30.567864727323133,5.8,44,19,WAIT
67.46292545492398,20.640269344285883,11.0,73,10,WAIT
100.0,0.0,11.9,95,18,WAIT
65.65260594700243,57.38580577703874,13.8,90,17,WAIT
47.55344616866501,44.69601683234069,39.2,50,18,WAIT
46.335624460578934,98.10775095549579,12.7,80,22,WAIT
46.860787524909824,86.9239366069993,26.1,39,15,WAIT
16.02291150132966,73.31994703931363,4.0,76,3,POSTPONE
53.1534759791526,17.099786197463644,26.2,39,2,WAIT
62.815252912730244,31.385612340514317,27.7,30,10,WAIT
89.59342184168267,52.54139592622676,25.1,82,17,NO_IRRIGATION
5.347702431020215,91.20929098780297,39.9,31,13,WAIT
98.33747828780791,11.436785516617057,27.8,23,1,NO_IRRIGATION
4.933677759652088,46.306867878554,9.8,72,18,WAIT
89.92519473880954,17.750693550629045,24.4,68,19,NO_IRRIGATION
67.12829016023555,15.321884442951523,25.5,78,8,WAIT
80.09397431454872,63.012094235988826,27.1,40,2,NO_IRRIGATION
48.876516952184716,39.38938702360012,17.0,52,14,WAIT
34.99216999108892,52.53335458660186,4.3,68,18,WAIT
45.74811930178645,86.9523075388327,39.1,70,8,POSTPONE
89.78311615770077,10.106169537187105,29.8,56,7,NO_IRRIGATION
42.19004538928105,25.208911631303042,27.1,37,20,WAIT
16.03403704072968,77.39422573960817,31.5,24,18,POSTPONE
11.90133375746219,35.267191257140105,16.6,45,4,WAIT
100.0,46.30852373702785,36.5,41,8,WAIT
65.67384076166812,39.46559350717045,13.5,34,14,WAIT
5.4075701500588265,31.601405968988217,29.0,70,17,IRRIGATE
45.13918655100901,64.23588736763492,14.7,53,18,POSTPONE
85.40291891779555,14.748365553753219,18.9,99,17,NO_IRRIGATION
75.2136720007399,9.354039223779392,18.6,58,20,NO_IRRIGATION
12.453468110133821,2.043645843560052,19.7,32,7,IRRIGATE
15.886458311501425,48.704862188501714,29.7,89,13,IRRIGATE
89.54522902409835,54.54921897493464,33.3,98,13,WAIT
30.32716286855047,44.17269684697562,17.8,50,11,WAIT
16.80927718324067,47.44465861482145,39.1,65,1,IRRIGATE
28.682068759363865,53.91673423817521,8.5,96,0,WAIT
8.867945904546168,35.88820903941422,31.5,46,2,WAIT
67.07157370346658,30.13052981121059,9.3,38,19,WAIT
0.0,22.87527304366172,21.6,42,3,IRRIGATE
0.0,47.89984664234754,9.5,61,0,WAIT
19.653675083249734,18.417180569541493,21.0,28,15,IRRIGATE
46.132379576091914,12.520054199087522,8.9,98,1,WAIT
95.8322699598038,84.21451214713085,18.3,23,1,WAIT
50.26273619279992,12.902688541442252,36.4,29,2,WAIT
42.0829742363344,4.261915883050561,25.0,94,17,WAIT
89.25185443318668,76.30556837431324,18.1,97,13,NO_IRRIGATION
85.1441407243008,84.50916664881305,30.8,47,13,NO_IRRIGATION
28.138135711769134,56.987301842569536,29.2,60,13,IRRIGATE
30.743010234355367,20.868210354669767,19.0,31,2,WAIT
10.318765185517403,97.38795998488716,32.5,91,1,POSTPONE
71.61683381569728,81.22231285354559,14.1,74,23,NO_IRRIGATION
37.00410091224677,41.036005659246335,20.3,39,21,WAIT
58.24244869107566,11.50113994221191,22.3,34,8,WAIT
70.26159094327848,57.451551613283584,39.0,99,19,NO_IRRIGATION
66.26253831453583,87.29460789959663,10.7,43,8,POSTPONE
43.21537521033173,39.06105789403659,34.8,92,21,IRRIGATE
20.4096905911842,0.0,21.2,68,13,IRRIGATE
18.70053092477004,90.24382892078427,37.7,96,2,POSTPONE
15.574098971071532,74.49762492432957,3.3,76,21,POSTPONE
76.4204418669778,31.15568965337747,20.5,64,13,NO_IRRIGATION
87.78486254760134,62.26934107148145,12.3,48,12,WAIT
2.076870858998829,42.45324087226644,30.7,52,9,IRRIGATE
0.0,51.75694801875842,15.2,49,16,WAIT
74.33354202419878,40.72075496592158,34.5,25,13,NO_IRRIGATION
12.621100136120663,72.29284286300836,16.2,73,9,POSTPONE
6.661996910331261,24.01322154310452,24.7,66,2,IRRIGATE
10.433164748227338,74.00449816316087,3.1,59,23,POSTPONE
44.791178686032644,9.104832845421484,4.6,85,6,WAIT
97.4937526547238,97.5822334899715,25.8,38,7,NO_IRRIGATION
28.972718028239832,73.5286978900593,30.4,29,5,WAIT
79.94117025017388,96.6373548328785,23.2,92,20,NO_IRRIGATION
77.23208241643361,78.16138894490581,17.6,80,14,NO_IRRIGATION
35.91419756831021,45.07336885289778,12.4,77,1,WAIT
5.687375994898128,31.76731001173455,34.6,31,19,IRRIGATE
48.627116589272724,74.54231476722791,29.6,25,14,WAIT
74.5183745464861,42.050058340700645,20.1,27,14,NO_IRRIGATION
47.82385581093398,10.045490015009573,6.9,51,22,WAIT
60.90986022646888,67.22748035265546,6.3,67,9,POSTPONE
97.38367146841419,71.52365517536006,25.2,62,2,NO_IRRIGATION
72.78379344840081,33.51995784966153,34.1,97,4,NO_IRRIGATION
75.63612106006059,42.10231737551812,26.2,70,4,NO_IRRIGATION
8.095818874159608,49.434932633613194,13.1,36,21,WAIT
92.28958972894465,98.9716411296587,36.5,31,20,NO_IRRIGATION
63.618280963467846,44.08866070063881,38.0,63,15,WAIT
21.265430465338873,13.549451729444048,11.8,32,16,IRRIGATE
97.83682165492561,5.619292373714176,35.1,99,4,NO_IRRIGATION
15.622472120884506,90.71097813730988,32.4,41,23,POSTPONE
50.64299414130769,89.37530201446926,17.8,56,23,POSTPONE
29.340111496982612,43.655966371940366,31.4,44,11,IRRIGATE
77.84439793531577,61.69438551975576,31.1,84,16,NO_IRRIGATION
23.1689123958124,73.38398534603431,10.0,81,11,POSTPONE
15.114009771190007,69.51166048084778,11.4,40,8,POSTPONE
61.47348655991604,50.91713569659093,36.4,77,11,WAIT
2.148969058190054,50.02007114693235,9.4,30,11,WAIT
23.2818754552815,15.391762876116056,26.0,38,4,IRRIGATE
61.960719885759836,19.588411547656072,18.8,98,0,WAIT
5.190038849109704,30.349630992823812,22.0,97,16,WAIT
50.111868603242385,33.376402266409336,4.9,50,13,WAIT
83.93899108639438,53.62807151011064,33.5,83,19,NO_IRRIGATION
80.15375730209406,32.185443277923525,11.7,20,19,NO_IRRIGATION
72.1656759520854,86.68214902919635,20.9,66,2,WAIT
69.07327696579787,64.54151952418195,15.6,80,1,POSTPONE
44.536502610692125,0.570938765147329,2.7,50,23,WAIT
85.28256962475656,98.8190332155814,30.3,37,1,NO_IRRIGATION
46.13508865556088,25.303836567636026,27.4,81,20,WAIT
26.114976818476066,10.160450575961946,37.7,24,9,IRRIGATE
28.85790385618105,44.33370979950397,20.6,89,15,WAIT
27.366207715369082,78.91103430733911,14.3,26,20,POSTPONE
17.993424115182396,58.89486517012281,29.7,69,10,WAIT
64.92068491112614,51.24310466626964,20.8,30,23,WAIT
49.78927006055468,81.95098164844076,7.2,57,10,POSTPONE
42.60919221458137,38.45915763099653,28.7,41,22,IRRIGATE
52.42355162850129,46.148514821987646,17.4,27,2,WAIT
86.37512537883299,46.13086019464552,30.0,40,0,NO_IRRIGATION
78.78088871995449,51.34798965798542,2.7,66,11,NO_IRRIGATION
67.32385323979668,20.79062056913395,38.0,67,14,WAIT
92.76885428830398,17.294598815362896,15.9,55,7,WAIT
5.356748594794277,63.17745274208392,36.5,35,8,POSTPONE
89.46273112405616,75.85576877698158,36.7,82,6,NO_IRRIGATION
8.520426852453973,90.45111192742455,3.5,60,21,POSTPONE
8.499971474868905,40.91331682353889,34.1,42,11,IRRIGATE
19.851325467301933,14.367361842868705,19.8,66,17,IRRIGATE
62.03661726288586,66.2977122971377,35.4,28,9,POSTPONE
93.1886965989072,66.10795120665166,16.4,93,2,NO_IRRIGATION
41.42338589386381,56.65833199621059,20.7,36,17,WAIT
81.87785990401828,100.0,17.3,27,3,NO_IRRIGATION
34.646570798901244,45.34737836639077,9.0,86,9,WAIT
7.506053089819991,85.56351627043198,11.0,100,9,POSTPONE
11.025731447412626,21.918084453166053,23.2,41,21,IRRIGATE
75.37619586605803,67.41194303521785,34.6,30,1,WAIT
98.76771231477379,80.10808379701965,22.9,99,20,NO_IRRIGATION
80.45577483547268,86.56650169954405,19.3,71,9,NO_IRRIGATION
83.59913032934669,55.15621746214115,18.6,63,19,NO_IRRIGATION
89.19316392646728,48.7537412791488,5.2,67,16,NO_IRRIGATION
37.41737860936467,12.674716744541824,9.9,32,1,WAIT
41.45384892703219,77.18134743334876,38.5,40,10,WAIT
90.12714920862273,93.59342411892604,39.8,79,15,NO_IRRIGATION
58.23176298216351,50.05444463023772,38.7,47,18,WAIT
40.486581329296556,35.94894203525176,35.3,80,9,IRRIGATE
12.309277693475405,35.275080633593916,30.6,66,1,IRRIGATE
72.61816865165943,46.532229266211516,2.9,84,14,NO_IRRIGATION
38.25311317958614,80.80398640118861,4.8,32,12,POSTPONE
43.578318382721285,48.54965172292794,8.0,85,12,WAIT
59.40254906157429,0.3703637356752041,13.3,80,16,WAIT
54.48940664576445,61.39780985772355,37.3,60,5,POSTPONE
80.39319360573604,38.937246556309866,20.3,85,17,NO_IRRIGATION
69.99790564737414,0.683578098657696,27.0,73,18,WAIT
41.96754813930147,95.72099114120331,25.2,96,15,POSTPONE
85.82903991431421,99.78474332225579,9.1,26,18,NO_IRRIGATION
68.29025241145364,81.7460612983381,15.2,51,1,POSTPONE
85.09895521333696,1.4103856618473287,16.8,72,22,NO_IRRIGATION
66.74972301807091,63.72817708912321,29.4,27,22,POSTPONE
26.60886772908639,83.78370983343402,15.1,42,14,WAIT
43.4627321924483,88.71989784148741,28.8,53,19,POSTPONE
28.790063959217566,35.248670379928164,38.9,58,9,WAIT
90.04988259740196,39.79803423202061,22.4,55,9,NO_IRRIGATION
86.43190876988278,53.18377460130562,38.2,38,9,NO_IRRIGATION
86.7902943600985,57.55972050550908,29.9,47,6,NO_IRRIGATION
38.33023933783308,86.71621466705747,4.4,95,7,POSTPONE
89.05184190951597,29.379445734086374,2.1,72,10,NO_IRRIGATION
13.811919865814302,12.0518144640713,22.0,40,13,IRRIGATE
59.77448520440896,27.559110594087393,11.5,56,20,WAIT
11.079369587356224,12.522987304190796,9.3,24,5,IRRIGATE
26.339226105782004,8.9717180308851,15.9,83,5,WAIT
40.76743167917923,0.0,24.1,62,9,WAIT
62.890994700887234,69.24318534835521,35.6,37,16,POSTPONE
27.0881387824302,38.62494262539739,18.4,52,22,WAIT
18.140841956184648,45.90767664425256,22.7,44,5,WAIT
81.56146504273458,54.2698982527631,20.6,31,12,NO_IRRIGATION
27.816851924405384,59.236016700850826,9.9,53,12,WAIT
29.467355218064533,38.54034822654913,12.1,93,0,WAIT
34.53683367070199,85.36302577421995,26.7,79,9,POSTPONE
87.0252047123839,92.69841047458186,27.6,57,11,NO_IRRIGATION
32.573605368552265,57.53185564689179,29.9,97,11,IRRIGATE
74.12796888283104,96.375176876932,26.6,47,7,NO_IRRIGATION
79.73135058487733,10.255066562201677,21.1,66,2,WAIT
9.617580475566838,74.02888160239809,8.1,88,4,POSTPONE
65.4184055265963,84.05401485539362,23.3,31,16,POSTPONE
6.534323001797819,64.1542457384466,22.6,91,14,POSTPONE
41.232800798250025,47.54457219067612,0.1,47,18,WAIT
4.452898027278287,46.00384878097176,21.6,27,2,WAIT
55.31734871023079,48.79981326825708,5.4,73,11,WAIT
47.48537132662686,46.756455338019876,27.3,89,4,WAIT
86.60286581127122,11.784736290041117,21.5,87,4,NO_IRRIGATION
31.348216116687155,91.22735327321966,11.9,89,13,POSTPONE
26.475120385037755,40.551213732037674,7.5,34,1,WAIT
83.19240598491751,100.0,35.6,50,6,NO_IRRIGATION
71.33576275754281,77.7202363687222,34.9,51,23,NO_IRRIGATION
53.34339278487562,29.543857087472844,31.0,37,16,WAIT
34.34161517141657,93.76110335580287,23.1,61,7,POSTPONE
22.85695560725126,63.210427404460326,12.0,27,17,WAIT
98.11577665620544,81.78750123286251,22.2,26,11,WAIT
83.81154632462595,65.18734457316312,16.7,39,9,NO_IRRIGATION
96.37928264390817,33.49340932260041,12.0,38,14,WAIT
70.12677488981085,53.57286758199273,5.4,51,8,NO_IRRIGATION
77.79070433394806,60.47133385919612,3.7,44,1,NO_IRRIGATION
87.04969446382836,8.736204584895397,7.5,95,23,NO_IRRIGATION
26.79394206470915,40.031880256311574,36.4,47,6,WAIT
17.468792274562418,95.78920876342366,9.7,97,22,POSTPONE
30.520792925478144,96.8305919752018,18.7,65,9,POSTPONE
68.8281195236204,54.9860823156548,39.3,80,10,WAIT
24.707049214312583,47.457154479810946,34.6,38,0,IRRIGATE
74.791429260374,50.95192287507738,7.8,49,12,NO_IRRIGATION
30.993014823693223,87.43464545047631,13.5,82,23,POSTPONE
61.608289984482056,95.94975514353634,6.8,89,15,POSTPONE
73.90323540879857,7.239444154040794,33.6,29,21,NO_IRRIGATION
0.0,77.31433392077446,28.3,21,6,POSTPONE
42.60450118913019,82.6675472955334,24.7,81,21,POSTPONE
0.32212485012736547,47.11850968127892,21.2,55,17,WAIT
31.171425976024274,90.74032952119211,32.2,42,3,WAIT
63.4889748574025,25.19780842411935,10.1,65,8,WAIT
45.79019243814435,50.58997745551185,9.7,48,9,WAIT
90.28062078713381,11.53735719559153,34.3,24,2,NO_IRRIGATION
48.52701439529695,8.367480755556388,28.1,30,15,WAIT
56.44907241943302,42.65856627951035,34.3,32,16,WAIT
2.297664971010167,91.87554307034493,19.0,25,2,POSTPONE
38.99311650865009,73.58109240479035,7.2,60,0,WAIT
71.44191561283577,94.20902387785137,37.2,58,5,NO_IRRIGATION
75.34650560091752,50.77034965876682,21.6,69,23,NO_IRRIGATION
90.24163570094315,66.45456561254883,13.8,32,13,NO_IRRIGATION
7.405927464751059,99.13865233621436,23.8,61,0,POSTPONE
100.0,59.28138389854217,22.1,68,13,NO_IRRIGATION
75.60671907514876,12.721674041346898,11.8,51,22,NO_IRRIGATION
30.542209638655184,93.83890281870222,6.2,69,10,POSTPONE
6.051952223700301,38.44735864996295,30.5,33,4,IRRIGATE
54.48843677021451,71.12440848410459,4.1,31,11,POSTPONE
76.98043797794273,44.63718177268191,0.5,72,12,NO_IRRIGATION
96.01136044856433,31.719604307495395,6.8,68,5,NO_IRRIGATION
35.684067971492105,13.632671502769544,17.4,73,9,WAIT
63.826666241654856,43.51699737788903,9.9,100,15,WAIT
77.1666879203579,54.06972367580902,12.2,70,10,NO_IRRIGATION
51.04076461957382,41.402229214812536,17.2,96,4,WAIT
36.20665155375087,85.00851488702072,12.6,70,10,POSTPONE
89.32902461968416,75.81974369603577,13.0,55,12,NO_IRRIGATION
68.99800048710607,65.799272126087,30.7,23,23,POSTPONE
87.09648396361284,40.31281808710361,2.8,72,21,NO_IRRIGATION
79.02832642510691,33.58662968532318,28.6,68,2,NO_IRRIGATION
75.79234699772627,51.34367401202117,36.9,73,17,NO_IRRIGATION
48.01634287055593,68.93819943354877,36.6,33,7,POSTPONE
41.663384932801115,73.44296693527849,39.3,71,10,WAIT
51.05944551606087,9.587383704036554,20.4,86,17,WAIT
75.87664408797289,27.457785515049068,15.6,95,22,NO_IRRIGATION
48.977027254146535,57.045493580060615,16.6,30,3,WAIT
89.41675176831548,37.430666808436264,31.4,86,15,NO_IRRIGATION
11.38165938273027,88.52447193256836,2.7,25,22,POSTPONE
44.47969917277714,89.00050125750558,37.2,51,16,POSTPONE
18.309896555531694,58.5846262173395,9.3,71,20,WAIT
19.86386925283662,83.32134452429283,1.2,98,6,POSTPONE
52.88835780355707,87.14796105070296,11.1,28,18,POSTPONE
64.86959835632094,37.970742751475456,4.6,82,16,WAIT
79.13404110051474,50.11308421139002,23.5,64,11,NO_IRRIGATION
75.7252751301034,88.0598836094598,11.9,98,18,NO_IRRIGATION
15.13185744865698,28.053800025354988,7.3,38,16,IRRIGATE
72.37867298534557,48.230387820732126,19.5,88,22,WAIT
22.549125758324976,59.88834774049346,7.5,77,19,WAIT
9.655222308564124,0.8460891944568383,7.8,69,17,IRRIGATE
62.09134348367875,61.15630435274112,33.6,82,5,POSTPONE
5.958808896024273,25.920899095587068,11.0,88,9,IRRIGATE
58.656504611858594,100.0,22.0,34,18,POSTPONE
99.43106182093045,46.4204337911763,30.3,76,17,NO_IRRIGATION
50.024164388774985,85.51345494743673,11.9,24,14,POSTPONE
10.390699033833329,17.756316498807735,9.5,95,22,IRRIGATE
91.10261802619476,50.659816176902595,5.6,46,6,NO_IRRIGATION
70.5081547895283,35.96857685884599,6.7,57,9,NO_IRRIGATION
69.85488302261794,89.15180905872771,5.4,72,1,WAIT
79.2688816861381,13.496772419381397,28.5,51,21,NO_IRRIGATION
18.774255293041612,35.27812820778974,15.0,29,20,WAIT
93.93094784042617,67.4980238287319,27.8,67,14,WAIT
41.819555446689805,100.0,3.7,78,20,POSTPONE
48.50106239790698,66.97715868188664,38.7,47,15,POSTPONE
34.377551551707874,69.30594250307546,34.1,63,21,POSTPONE
0.9957474191620586,100.0,0.7,40,14,POSTPONE
51.023182063974,92.09407214313097,35.3,58,5,POSTPONE
30.933399845256503,43.50389278549109,14.9,41,1,WAIT
51.25604274164954,93.99441371524574,9.4,31,22,POSTPONE
26.768067082609143,16.936794968410645,20.8,76,0,IRRIGATE
46.17109026913298,55.94031001122111,19.1,49,12,WAIT
13.307633817639712,9.032015332084258,14.7,58,4,IRRIGATE
99.74497295417981,86.92940155246384,5.7,87,18,NO_IRRIGATION
79.64116549790646,46.22432026364322,25.1,39,13,NO_IRRIGATION
59.5996252460215,14.965929456089818,5.6,35,18,WAIT
91.8403190934312,52.14503668182169,5.6,55,20,NO_IRRIGATION
71.00999061763345,93.07593098915524,31.2,23,21,NO_IRRIGATION
26.177491277972376,61.88646523265866,15.7,26,7,POSTPONE
11.410817556052098,81.93929768137723,21.1,21,11,WAIT
14.868382488251775,71.20863534252439,21.9,42,15,WAIT
93.72991840665708,70.67532569272767,10.5,25,1,WAIT
50.06610604274927,82.12629076101251,30.7,74,22,POSTPONE
81.36564816070015,74.5268044380447,3.3,30,16,WAIT
19.363901728894582,50.86437163012432,30.5,28,9,IRRIGATE
97.53427976716073,25.579059440231305,3.4,75,3,NO_IRRIGATION
72.5502861968644,87.41693509057555,29.6,35,0,NO_IRRIGATION
84.11350603132193,67.53016201754697,20.9,53,5,NO_IRRIGATION
97.81123979936987,36.32935837555041,4.7,23,10,NO_IRRIGATION
34.23854211448669,35.12323248200495,23.1,29,15,WAIT
58.10781879425972,6.996100057613832,22.7,67,5,WAIT
34.733289532579846,74.74120431563097,4.6,85,0,POSTPONE
0.0,58.63976496331241,36.8,42,1,IRRIGATE
93.40665828106577,50.24515313817576,9.9,60,8,NO_IRRIGATION
71.72808166737862,65.73325716718591,2.1,48,16,WAIT
46.689264377727454,62.66032229977152,30.9,59,10,POSTPONE
53.079691735574556,22.915950906560326,31.4,99,7,WAIT
57.68273627696119,67.97787116263906,31.0,89,7,POSTPONE
47.23910255976004,67.46423697739407,33.6,21,10,POSTPONE
82.76274830468043,96.27215039040972,4.2,87,7,NO_IRRIGATION
11.725592359673922,20.116524747001026,3.7,49,16,IRRIGATE
46.58458028544149,90.8490241751649,3.8,37,20,POSTPONE
9.918957633362766,6.349828784349853,38.6,50,9,IRRIGATE
44.260419517816366,52.00725606321542,29.4,60,14,IRRIGATE
13.435546860300946,19.79936982468863,23.4,39,3,IRRIGATE
57.14033287812118,15.359245490900236,38.6,46,14,WAIT
38.63346595056414,10.90420888048525,32.3,58,22,IRRIGATE
2.150207894736882,37.483237973691,28.4,65,12,IRRIGATE
83.98840710969021,17.310820933587596,16.2,77,17,NO_IRRIGATION
26.94725276992047,16.038967534438502,5.6,21,1,IRRIGATE
24.30715237543978,49.72239743815997,25.2,30,18,WAIT
72.58820652346526,4.218001827386127,2.6,76,4,NO_IRRIGATION
38.22527659257474,54.50637700915256,37.0,75,23,IRRIGATE
1.8272943856725772,50.72807211830789,8.6,43,8,WAIT
34.460114306466565,14.346494437315059,24.8,51,20,WAIT
36.98891609996499,69.79030929960155,3.5,69,4,POSTPONE
85.84652516224965,64.49147755136747,39.8,89,0,WAIT
100.0,61.44517806034052,19.4,92,16,NO_IRRIGATION
30.798158736978692,40.97116352759452,1.2,55,1,WAIT
60.29432291965432,98.83988919851227,9.3,40,3,POSTPONE
27.66527001065683,89.5590865585245,39.9,48,18,POSTPONE
47.5480463456516,18.7610036757999,23.7,65,18,WAIT
5.034528829199135,49.47558735070015,22.5,92,6,WAIT
63.42124601520993,21.90436420127479,3.6,49,19,WAIT
23.199279898885525,56.00683496383831,36.7,45,4,IRRIGATE
26.18780787307206,36.59555962845034,5.9,38,3,WAIT
70.60669466591551,7.735907800833732,37.7,70,18,NO_IRRIGATION
36.2260320437291,22.323520254246407,17.5,82,20,WAIT
36.742026709555304,72.93560398292543,37.2,65,7,POSTPONE
20.78384108147198,94.88498439598958,5.1,20,22,WAIT
53.50756965535008,100.0,1.3,97,10,WAIT
75.20895250437012,68.04110233013986,19.8,62,23,NO_IRRIGATION
48.82379654940357,22.361867702403682,38.5,62,14,WAIT
0.0,32.93176076321265,14.0,33,23,WAIT
0.0,58.325844944987686,38.8,72,15,WAIT
44.46023967678454,15.288069775662514,31.5,93,20,WAIT
24.626565117484883,11.991945657563395,1.3,22,10,IRRIGATE
8.742004017666593,24.87931267734303,6.4,29,17,WAIT
9.379505842479357,81.93226172646409,28.2,75,20,POSTPONE
51.57103777330784,10.310945794399862,39.0,72,22,WAIT
72.22038104575675,93.40125431606656,26.4,58,7,NO_IRRIGATION
50.71769807857741,58.535899345167344,14.4,74,2,WAIT
40.23897307083161,81.00215528013769,8.0,23,6,POSTPONE
41.77057695999265,63.43769074346937,12.3,70,15,POSTPONE
81.65004397117622,82.4412602921968,7.4,68,11,NO_IRRIGATION
2.6329596668288424,56.63400809662359,33.5,92,1,IRRIGATE
90.67468459134568,11.681411738976195,32.3,72,18,NO_IRRIGATION
10.407971664302504,65.1863207493445,21.4,80,18,POSTPONE
57.98852109007203,54.02777201339154,28.6,84,18,WAIT
69.00450336720685,90.82754764111885,5.9,77,5,WAIT
25.721648783377567,20.261859986385396,16.9,75,6,WAIT
76.47878250733824,73.57886359987776,36.4,28,2,NO_IRRIGATION
50.52054191575399,35.19688177542069,36.7,21,22,WAIT
79.8757608773233,99.19593834225229,16.6,38,18,NO_IRRIGATION
100.0,16.249281667592733,22.5,32,9,NO_IRRIGATION
47.778935626960546,31.830434728770527,19.4,97,15,WAIT
0.7219972815673157,47.438526706266735,24.3,71,1,WAIT
53.89574213914258,43.905137541709784,2.0,80,8,WAIT
42.202328885932715,36.109492978479466,33.7,32,7,IRRIGATE
94.43110613331429,38.69419981008764,16.7,31,6,NO_IRRIGATION
54.40944798920008,97.16501418256678,15.0,27,16,POSTPONE
6.111230932889089,63.033851410124434,31.2,87,18,POSTPONE
27.751805561254166,28.369766776086948,10.0,78,1,WAIT
86.991097723989,50.23506291689116,20.2,35,21,NO_IRRIGATION
46.887867390665676,53.775836941638616,34.8,95,17,WAIT
42.4424900385375,35.48961134484934,27.6,56,0,WAIT
44.49651042840685,75.79830135143679,8.6,48,20,POSTPONE
23.69083579268957,52.13281233758124,34.6,21,15,WAIT
78.73200656482145,0.0,24.3,59,22,WAIT
79.7537855821704,51.515861730926424,18.4,47,14,NO_IRRIGATION
69.24310821470664,50.84487155842126,0.3,67,17,WAIT
82.93772542544083,33.984759262532975,4.3,28,10,WAIT
79.25137070279506,32.61146907926497,28.4,58,6,NO_IRRIGATION
94.40302077678494,10.054298226335298,32.1,96,12,NO_IRRIGATION
83.39929508576417,4.554005704624416,39.9,53,13,NO_IRRIGATION
89.35319004826424,94.94753730088789,32.6,63,23,NO_IRRIGATION
87.34635101544214,99.75735201735247,37.6,65,16,NO_IRRIGATION
24.406386945964,67.81135857804001,3.9,36,23,POSTPONE
73.62918218319302,27.469233801939513,36.0,31,7,NO_IRRIGATION
98.71432232164481,55.880904368075996,13.3,53,18,NO_IRRIGATION
14.705365676706801,81.8357461974258,37.8,29,15,POSTPONE
60.19815937187506,85.81669219805588,11.9,26,4,POSTPONE
23.426698849290002,75.92845123310543,39.5,38,10,POSTPONE
25.789411774338145,60.32629446916526,39.5,60,20,POSTPONE
54.735278622014995,99.73542271320565,23.1,40,15,POSTPONE
94.88041343759045,77.33711414288636,17.2,74,15,NO_IRRIGATION
4.337826028422582,91.73101405427371,0.6,61,16,POSTPONE
81.04123833974353,90.48823122875882,27.7,64,9,NO_IRRIGATION
49.033364786853696,35.670201872683094,33.0,58,9,WAIT
60.278319114468125,76.24117643668019,17.3,37,10,WAIT
60.592508863666325,20.648835088914957,36.3,71,0,WAIT
26.243213633236945,13.111902291631447,0.9,84,5,IRRIGATE
92.50540380121225,2.7519243267583944,25.6,88,19,NO_IRRIGATION
7.619699158378946,86.3612000956939,1.9,34,13,POSTPONE
15.472823847289256,62.01868214854055,8.2,100,0,POSTPONE
80.00979847181462,63.69977149537189,24.2,37,13,NO_IRRIGATION
13.115847864655123,75.1773456843724,4.6,33,15,POSTPONE
27.77958916597023,70.73119722319194,14.3,72,9,POSTPONE
69.96354713368093,27.882039154553738,19.2,50,0,WAIT
2.7163313246520486,17.352321652632412,26.8,39,2,IRRIGATE
11.23563616898479,16.04779383956582,25.8,78,9,IRRIGATE
1.9980891505761749,25.74140449162159,34.1,66,21,IRRIGATE
90.15901053659607,100.0,0.4,37,21,NO_IRRIGATION
40.575274042377444,60.550891564921066,10.7,31,11,POSTPONE
19.1383199990375,55.62309930149754,10.9,69,22,WAIT
63.9989909694895,86.86123886681419,6.7,36,22,POSTPONE
16.037131057383696,74.82674850540346,22.8,76,5,POSTPONE
97.58598914827097,6.625757745240936,35.2,36,15,WAIT
17.875939280635436,51.459723253796696,10.5,60,0,WAIT
93.6833227185852,69.6752871828991,23.1,92,7,WAIT
88.73143563704943,66.23103175224674,28.0,32,13,NO_IRRIGATION
30.819296773206403,85.76295568357442,15.4,91,19,POSTPONE
86.34371420420165,67.48845574776001,34.1,41,2,NO_IRRIGATION
38.40891816697231,30.503507145265438,8.9,68,12,WAIT
25.788305957547916,59.01261287726722,17.9,83,14,WAIT
36.18706852053633,65.45238964657284,0.7,71,13,POSTPONE
65.00169715478336,13.91783285172308,38.5,58,16,WAIT
68.06851248849898,84.56207923221254,13.6,26,7,POSTPONE
42.60150845106068,79.99951151558263,28.7,66,22,POSTPONE
14.593199510791171,23.021969477933432,14.2,57,17,IRRIGATE
85.06322229249612,20.92422142181167,32.9,72,3,NO_IRRIGATION
21.875434005316034,47.15589504368946,33.0,44,22,IRRIGATE
95.1447034512833,84.37466237486466,23.6,77,14,NO_IRRIGATION
60.34636014430633,58.04337627666923,29.4,90,13,WAIT
73.82931963535927,67.81081497081833,36.4,94,5,NO_IRRIGATION
12.035539611235677,85.00546021805411,35.3,84,12,POSTPONE
81.159102416971,94.48238789093463,15.9,63,9,NO_IRRIGATION
13.381800056453457,79.00014284897125,29.9,58,22,POSTPONE
42.118743563951455,71.32583284507264,8.0,99,22,POSTPONE
48.21191764417095,20.813354962348672,26.0,42,16,WAIT
70.94311973727326,43.103527271405255,30.4,91,15,NO_IRRIGATION
87.10123631488368,88.47868723376587,33.7,56,13,NO_IRRIGATION
62.064704658483876,44.45326711632796,26.8,45,8,WAIT
98.85532192594822,37.83390328664787,5.9,27,22,NO_IRRIGATION
28.53593948045165,2.586824373455808,18.1,98,21,IRRIGATE
30.424127358728605,69.88886662107673,20.4,56,22,POSTPONE
46.8755464864199,100.0,12.5,90,1,POSTPONE
29.03087222729338,100.0,17.7,48,20,POSTPONE
80.67741121017245,75.46615136701242,24.1,44,9,NO_IRRIGATION
82.74468994043593,24.35079486026219,4.8,25,13,NO_IRRIGATION
29.30066530115372,77.4601419609052,0.2,79,22,WAIT
1.5370338356962976,41.96880332014378,30.9,100,19,WAIT
37.90550941153677,73.50160179719967,2.9,60,16,POSTPONE
23.206062873317038,100.0,16.6,88,12,POSTPONE
31.833967388671176,82.31883514903981,14.4,47,19,POSTPONE
74.23688400925202,78.08803696295037,26.8,77,7,WAIT
82.1860729918727,35.588968160739334,27.3,61,12,WAIT
12.85875934784044,71.23975608369923,1.0,86,11,POSTPONE
64.45556897571718,2.964339695742846,26.1,61,16,WAIT
14.48211819648418,25.71628769906433,30.9,88,0,IRRIGATE
27.703351261430566,96.1317513186448,27.4,33,6,POSTPONE
92.78637231709241,96.75206740463061,25.9,29,23,NO_IRRIGATION
2.5922523526004166,37.37886314746148,2.9,42,8,WAIT
66.70442092232125,33.10986574431121,16.3,77,20,WAIT
50.33025034639271,0.8950186724438316,4.7,20,20,WAIT
93.18349358910602,98.45951031041204,1.8,29,11,WAIT
10.8983659883508,85.01350709844871,3.5,76,12,POSTPONE
79.30819151356724,20.334677638103493,5.5,70,17,NO_IRRIGATION
77.44075537458482,89.86978118972249,38.6,67,0,NO_IRRIGATION
67.4137386622455,0.0502983907400516,23.9,88,17,WAIT
8.046911523495083,97.41430483039814,29.0,47,13,WAIT
61.424551171135484,20.20787969357408,33.4,44,3,WAIT
24.709779113505782,75.52251127767475,34.1,90,14,POSTPONE
6.906526675200853,5.50687614814955,7.9,94,15,WAIT
41.282151465959515,80.3453284874592,11.4,28,6,POSTPONE
55.28346078219581,82.05675489406721,23.4,92,18,POSTPONE
44.586589219295035,16.048318826646714,9.8,48,22,WAIT
95.40838544339866,38.40110058780655,5.4,62,15,NO_IRRIGATION
47.747669615259156,62.51671826160197,7.0,97,2,POSTPONE
20.91297038932279,22.632346505935832,35.5,29,23,IRRIGATE
5.495872729061418,75.3119423100831,23.3,71,18,POSTPONE
4.515939985261583,72.93985934546055,21.6,39,11,POSTPONE
98.89600754776797,33.33881259446599,20.0,31,12,NO_IRRIGATION
2.626784893786967,79.8416165684047,30.3,37,14,POSTPONE
76.48711831612978,87.72195154188093,5.8,81,11,NO_IRRIGATION
96.87642148373648,5.643571151005863,9.4,46,16,WAIT
44.88093109947996,61.81551981318276,1.6,61,3,POSTPONE
67.33566981774919,38.348722662173934,10.5,89,18,WAIT
20.766595695441612,46.652967779910476,26.1,29,16,WAIT
30.76328781043545,28.163717821675704,14.1,64,15,WAIT
64.87171943517112,0.01836984470741765,5.6,41,7,WAIT
9.14541273142971,32.11517104135755,7.5,66,19,WAIT
94.16955075549559,81.30346332599325,32.4,34,15,NO_IRRIGATION
58.10703951051764,21.472592341405523,16.4,51,1,WAIT
16.73486511352268,16.3472404800013,20.5,93,4,IRRIGATE
37.22446870655101,70.58238336484554,24.0,92,20,POSTPONE
94.27974315447696,40.47253868622694,8.7,97,15,NO_IRRIGATION
18.193638148185876,53.008387144112,31.8,43,19,IRRIGATE
29.677217015935987,85.42671274560333,18.1,95,2,POSTPONE
45.322131984574355,0.0,34.4,84,21,WAIT
56.26514185589263,72.96298576723204,19.0,98,19,POSTPONE
100.0,92.17516406574771,19.3,36,19,NO_IRRIGATION
3.9696895284753158,100.0,17.3,73,11,POSTPONE
89.29816518939705,33.3842162789628,19.3,68,11,NO_IRRIGATION
98.07858876597429,89.76120816899217,17.0,52,15,NO_IRRIGATION
7.832666680089559,68.08646704687216,7.6,20,18,POSTPONE
61.07194052450581,80.05418696163346,32.2,72,11,POSTPONE
55.515759347779316,29.613028947634767,21.4,92,11,WAIT
75.75560542879988,85.97454148195474,8.1,90,17,NO_IRRIGATION
47.590938296534965,58.53777645442696,12.3,64,22,WAIT
52.357824306046105,80.19085764496134,9.2,40,3,POSTPONE
53.86081122893377,71.14025367029438,27.4,26,5,POSTPONE
76.05290633472572,14.232554655174049,18.9,96,13,NO_IRRIGATION
30.21770244619512,11.090288612079272,29.0,71,19,IRRIGATE
38.11605831708981,71.57463034583002,30.9,42,20,POSTPONE
0.0,88.30758467345758,20.7,44,1,POSTPONE
65.15813631552828,30.151899857035495,27.0,66,7,WAIT
78.00287271854623,15.868428125740374,11.0,71,11,NO_IRRIGATION
51.86080165209698,61.15366522497874,28.1,31,17,POSTPONE
75.15008973948154,42.474750888592574,32.6,48,19,WAIT
62.2971384081212,68.04651451566126,7.0,84,3,POSTPONE
61.9425182446812,17.029422425723574,38.3,88,18,WAIT
33.941918614713,48.6316860380493,30.8,63,14,IRRIGATE
78.62023279274632,57.162683014409225,2.7,48,21,NO_IRRIGATION
39.124259721893495,45.16504217204838,0.4,53,7,WAIT
31.93009430162092,88.4878813193049,13.7,90,5,POSTPONE
42.18566133784624,70.69075782468799,37.9,44,15,POSTPONE
32.354290652428304,30.067786323220098,8.1,51,19,WAIT
41.55995568476159,9.198784926547717,3.1,83,19,WAIT
2.64244212635527,73.57993090467625,33.9,67,19,POSTPONE
76.68768835624553,58.82871863129695,30.6,85,8,NO_IRRIGATION
96.7666518634741,6.2573544382505055,16.9,89,1,NO_IRRIGATION
53.60400130497952,95.74800362119049,39.1,86,14,POSTPONE
0.0,24.794280035868898,4.0,66,19,IRRIGATE
23.485634003791887,27.6940822952498,38.3,63,11,IRRIGATE
51.105324821106564,91.52195763381643,14.6,71,8,POSTPONE
69.31139166498724,74.86011912141493,32.6,54,7,POSTPONE
44.96063214136986,90.49548057265483,32.2,42,13,POSTPONE
80.17006974920501,90.15727247188485,19.5,52,17,NO_IRRIGATION
4.984019018633276,84.63341880291972,8.6,52,15,POSTPONE
11.498548190637917,39.597691220116765,14.4,91,8,WAIT
39.1983533361376,13.510904898298426,27.2,97,6,WAIT
73.75894457473349,83.38438254405102,39.2,56,11,NO_IRRIGATION
64.87493744304362,93.46930117082837,3.1,98,9,POSTPONE
21.68257650491413,84.07717143957069,13.5,100,19,POSTPONE
4.791119274646005,40.282179393878735,12.7,57,22,WAIT
35.053849730241616,47.71248101351349,17.8,66,23,WAIT
75.2093569163625,56.139890608736735,7.4,22,4,NO_IRRIGATION
81.51647010001818,97.00696928424685,3.2,41,12,NO_IRRIGATION
12.367936617038472,60.48433743818294,1.1,70,16,POSTPONE
6.039284040216525,75.55274362000162,26.2,69,9,POSTPONE
91.84175280058089,76.26411707187273,21.1,41,0,NO_IRRIGATION
48.60368817413392,44.64241141648253,18.7,89,8,WAIT
69.44844932370744,89.39287568457698,23.6,78,20,POSTPONE
71.34977371420412,82.39528248710812,12.4,64,15,NO_IRRIGATION
10.418603055765345,45.122038055941985,6.2,21,0,WAIT
69.15379789160889,15.438849172499943,18.8,21,22,WAIT
66.46957511868125,58.996105179871066,30.6,57,19,WAIT
31.96767383867636,68.73643876527034,16.5,91,13,POSTPONE
22.149379829847653,80.89723269853197,15.1,53,2,POSTPONE
30.166100618581346,81.07574940427575,27.4,56,20,POSTPONE
33.12903876513247,4.824071790026428,11.6,78,19,WAIT
54.721341304516244,78.9199601402722,12.8,39,1,WAIT
0.0,10.821145375758046,5.0,76,23,IRRIGATE
7.506836936974886,60.17188085182852,16.8,83,11,POSTPONE
2.3024864703583034,100.0,2.2,70,2,POSTPONE
19.92192292926453,35.1725072399957,33.1,35,22,IRRIGATE
100.0,33.37619012553509,1.3,78,23,NO_IRRIGATION
67.66007883713513,25.728255449915153,27.3,59,10,WAIT
21.29164254130699,7.447245786891946,22.0,35,8,IRRIGATE
34.987236318023996,9.636576657496004,8.7,34,7,WAIT
80.34161650572072,0.0,11.0,35,12,NO_IRRIGATION
5.688349294810992,76.8347524025106,19.0,96,4,POSTPONE
8.487222564048949,58.91401552304213,24.7,100,1,WAIT
5.555176753146566,21.013281400230028,31.7,36,15,IRRIGATE
73.88561825786874,94.4731773887221,35.7,44,0,NO_IRRIGATION
47.243991578722905,35.986630442700424,19.4,76,17,WAIT
37.42734076805694,58.89775836219651,7.5,64,10,WAIT
92.68394721115563,80.14474001978046,22.2,28,16,NO_IRRIGATION
40.194185514997635,67.6711270700454,0.0,84,12,POSTPONE
3.197346065702236,48.76016567797939,9.6,28,21,WAIT
71.19049733783982,24.240697688104525,19.9,90,4,NO_IRRIGATION
40.09804527766287,37.10464134039404,20.9,28,1,WAIT
12.786388000361082,1.0207902868878214,19.4,32,1,IRRIGATE
50.579212582849685,68.23970483998313,23.6,26,11,POSTPONE
86.70873960950122,27.55749361898046,37.1,30,14,NO_IRRIGATION
5.609260511250785,99.38243857699861,16.6,67,22,POSTPONE
75.65815634496666,7.343003382562706,33.4,29,6,WAIT
8.012251207617814,29.316610514024724,7.6,87,21,IRRIGATE
84.47503344557418,73.49194357977372,16.6,33,20,NO_IRRIGATION
85.58720592428375,84.27074990293562,4.2,43,17,NO_IRRIGATION
44.575318810207875,72.98433572053281,17.7,65,10,POSTPONE
44.448540149012175,54.64184367904371,17.2,61,19,WAIT
30.631447028042842,25.750630748697237,22.0,52,11,WAIT
56.4749978899825,45.00195627855609,1.4,56,19,WAIT
2.176093588403292,33.06568828972682,39.4,47,10,IRRIGATE
91.22337458103576,70.11271488341116,22.8,93,4,NO_IRRIGATION
56.55655753285491,14.649881792596197,35.6,51,7,WAIT
35.11074236782658,11.704871594890822,22.8,47,23,WAIT
11.23580526744515,57.729024908563225,33.0,93,3,IRRIGATE
33.37371596178333,71.81546110499482,31.2,62,11,POSTPONE
54.16521712617919,18.697865141212198,9.1,97,0,WAIT
83.77418618144047,43.541279487668234,21.0,60,17,NO_IRRIGATION
41.024016104472324,24.53197482604681,26.9,70,14,WAIT
96.9513219129484,59.90082952544731,17.3,70,4,NO_IRRIGATION
9.758546543973727,90.49311098070088,16.0,30,12,POSTPONE
100.0,93.34870763725955,22.4,82,12,NO_IRRIGATION
25.611676098108056,94.24247782276912,9.7,54,13,POSTPONE
68.89594648126736,84.1358205246583,14.6,44,10,POSTPONE
78.2420683033527,35.69255264011412,14.0,76,19,NO_IRRIGATION
9.242132069034273,25.99685213605756,15.0,30,3,IRRIGATE
35.489409150257885,21.687523516449687,32.8,21,10,IRRIGATE
12.051180500541744,55.22748115151202,8.4,88,6,WAIT
26.46424213970198,93.58658003425599,19.3,38,22,POSTPONE
0.7660666989538774,84.2679909053059,10.2,27,9,POSTPONE
90.17964776391398,5.6496081840066505,37.8,28,12,NO_IRRIGATION
87.52082944757258,82.60219142319875,4.3,57,20,NO_IRRIGATION
48.085403321430974,85.99603711842538,12.6,96,17,POSTPONE
25.006508228688787,58.60687541412935,28.5,25,7,WAIT
37.335696346307756,52.44390719808677,0.7,65,11,WAIT
78.02326211603021,61.75878278999723,2.5,52,12,NO_IRRIGATION
7.4413669820829735,32.25582697627755,13.7,70,21,WAIT
12.877950171373014,48.20717844073517,27.1,100,21,WAIT
28.173333364751993,69.52749154168852,38.8,97,10,POSTPONE
13.067572746610093,17.81030700663878,27.4,45,4,IRRIGATE
93.98643169729452,16.300642981803847,36.4,38,20,WAIT
18.174962108419393,71.32961546991777,28.8,43,10,POSTPONE
20.270795332601914,95.18687445522337,38.9,72,9,POSTPONE
85.332500304158,31.519570557706643,7.5,36,5,NO_IRRIGATION
79.16946505508294,77.67043092938975,9.2,49,7,NO_IRRIGATION
40.79475430310825,98.76602220044185,20.1,97,15,POSTPONE
43.83976477772962,48.91445597066335,5.5,44,7,WAIT
3.0858916017814604,5.254350831349097,38.0,48,23,IRRIGATE
27.577765897256292,4.770782018237053,38.2,76,19,IRRIGATE
44.66774905156679,30.275556832914557,31.0,97,23,WAIT
90.12897491411498,82.3913913326314,22.9,88,16,NO_IRRIGATION
92.86919862318874,62.0931629278965,18.3,25,7,NO_IRRIGATION
54.83830643707291,5.577009498134094,20.6,100,1,WAIT
21.911793622341296,53.84397576038198,30.9,56,14,IRRIGATE
38.13134279243893,7.8995295850164915,36.1,79,20,IRRIGATE
92.00657790252355,25.787311418760396,37.5,89,4,NO_IRRIGATION
40.50885854847074,21.536807357543367,35.9,45,14,IRRIGATE
42.917174283309016,93.96486222475723,28.7,35,2,POSTPONE
58.340724182348204,10.238173060661488,15.4,85,19,WAIT
18.7867863141258,43.43906083466562,6.8,62,18,WAIT
87.62672479078842,23.688185374782037,7.2,26,13,NO_IRRIGATION
95.68630422360943,54.88780537444747,7.2,36,6,NO_IRRIGATION
94.5311097511804,57.97627607400798,19.9,20,19,NO_IRRIGATION
27.168738438849324,83.75711989803153,16.4,30,19,POSTPONE
34.82167864943606,36.19766038869585,22.3,46,1,WAIT
19.482561681796902,81.490198331827,5.8,24,21,POSTPONE
74.98441546642118,6.490313627487991,16.7,42,5,NO_IRRIGATION
79.60924611177397,89.9496898630472,31.5,42,14,NO_IRRIGATION
50.31479819386006,13.68511983001936,12.9,68,2,WAIT
96.27323839391094,65.64925866520649,18.8,35,22,NO_IRRIGATION
42.27052733404621,64.09845369278115,8.4,27,3,POSTPONE
80.28946623110691,10.83662983209447,27.5,56,13,NO_IRRIGATION
37.5966003928625,77.95024335557551,14.2,36,19,POSTPONE
68.29184743999375,62.92504453718516,7.2,98,7,POSTPONE
19.01580917225831,2.648856343735809,31.9,46,19,WAIT
47.454921896293186,44.60415504917827,25.5,21,20,WAIT
26.900170615436636,34.90195502846212,12.3,84,17,WAIT
43.67032600984955,15.85835788646958,13.7,92,19,WAIT
6.320427699061415,22.3051483209301,13.5,81,15,IRRIGATE
78.35753895949539,20.27200487707689,35.7,88,10,NO_IRRIGATION
56.27789976765101,10.351057359656187,12.0,60,17,WAIT
63.18718430461455,74.85493300346428,32.0,65,2,WAIT
38.40739153557816,47.83618768865174,25.1,41,18,WAIT
75.89566273893259,72.16844638173235,31.3,59,22,NO_IRRIGATION
85.31628215845654,47.86797784991968,35.1,67,14,NO_IRRIGATION
35.16139879264686,34.75012745799357,15.0,24,6,WAIT
10.437740929871403,5.990252784092961,36.2,39,6,IRRIGATE
63.324410667559434,65.10358708914617,13.1,32,16,POSTPONE
13.051871100408631,3.59368410614045,28.5,86,3,IRRIGATE
6.870523307332696,79.71875093035965,13.3,25,3,POSTPONE
86.45554725173717,2.7755983440945897,12.5,46,10,NO_IRRIGATION
33.766495386680646,42.72787097402778,26.8,54,4,WAIT
17.736368858401505,5.582980545084547,22.4,33,6,IRRIGATE
68.18484911851974,22.432778187420496,32.2,93,7,WAIT
16.712428712202424,81.9224310471668,21.6,26,4,POSTPONE
81.5045601059442,44.53799875722226,17.1,42,22,NO_IRRIGATION
76.29470689864266,89.99365499957176,24.7,59,10,NO_IRRIGATION
93.58402546278165,63.785456074303525,36.9,79,18,NO_IRRIGATION
88.68275905380122,56.103916845059246,25.8,79,15,NO_IRRIGATION
24.43721683778586,75.58052765673858,14.5,43,22,WAIT
44.8877870634788,40.53283067699572,1.2,80,3,WAIT
43.78652085820151,18.82257368921798,13.9,93,4,WAIT
61.02932210308954,93.9675777336196,13.0,29,9,POSTPONE
51.905359567213196,31.20874838856541,21.9,81,12,WAIT
6.4071415817915005,88.90970199042175,31.4,75,18,POSTPONE
70.9413315680738,23.62612256926337,3.1,93,15,NO_IRRIGATION
75.62908434311882,66.9765390919166,17.8,59,12,NO_IRRIGATION
14.855086819385491,78.7134337887068,15.2,83,20,POSTPONE
8.176117734390019,20.872615365741247,36.1,20,4,IRRIGATE
57.312558210753146,50.15572166278447,17.9,46,21,WAIT
37.99735334294113,84.04550133038325,37.7,75,22,WAIT
48.9028925664192,69.08119252409718,39.5,71,4,POSTPONE
5.692228935739077,74.6789951662069,0.0,91,11,POSTPONE
39.65679636829978,29.31715501116379,23.6,100,10,WAIT
89.82789614841585,47.35190048404923,8.4,42,15,NO_IRRIGATION
69.84595057691095,49.39962686726715,6.2,36,4,WAIT
0.0,0.0,35.4,75,4,IRRIGATE
85.05941614626761,61.9358246914244,27.8,74,19,NO_IRRIGATION
64.24124684572593,55.84714717830026,9.0,74,19,WAIT
0.7793850077805633,90.36749967278018,20.1,72,17,POSTPONE
8.78233449443169,71.83268132097143,14.7,94,15,WAIT
6.420874799056758,93.26408053812229,34.4,55,14,POSTPONE
69.89915478304555,8.45231304112461,25.2,29,21,WAIT
81.39197212443487,72.12499721445434,2.1,63,17,NO_IRRIGATION
59.54034771864586,60.73965301616598,13.3,65,9,POSTPONE
5.950511628602781,78.49425279379419,29.1,92,8,POSTPONE
60.78141087063247,68.51619884791373,39.6,99,0,POSTPONE
6.268213354468055,12.514452560526342,11.1,36,19,IRRIGATE
27.142030100630905,15.038215396897035,36.4,39,21,IRRIGATE
19.612525879034973,86.3619588080733,7.2,87,1,POSTPONE
14.673456336935628,80.33941854698388,6.2,83,13,POSTPONE
31.606672886027766,93.37574666494751,8.4,64,1,POSTPONE
99.19531009465413,2.6760039675246863,15.9,58,15,NO_IRRIGATION
100.0,27.798007941507542,28.2,80,8,NO_IRRIGATION
50.1186304009551,55.82004094708662,12.6,87,21,WAIT
0.97364320737959,69.374241512554,38.2,75,19,WAIT
32.34967406618045,37.02316360907829,10.2,94,12,WAIT
61.731510153061976,92.41796968387912,26.9,44,16,POSTPONE
92.93214846997832,40.47612555403843,26.9,28,0,NO_IRRIGATION
63.03907284777608,55.51516419793787,29.0,52,6,WAIT
0.0,6.568819115944613,23.8,47,19,IRRIGATE
94.57795337736437,14.564408243051602,5.2,92,5,NO_IRRIGATION
85.84262992839037,36.66955577287658,37.4,78,8,NO_IRRIGATION
92.03391492870296,100.0,10.3,29,8,NO_IRRIGATION
46.885904277313855,4.5823860582415525,32.5,42,14,WAIT
7.917217864053098,26.103018849539342,7.1,82,3,IRRIGATE
97.31253576415676,79.43338166968894,36.5,53,3,NO_IRRIGATION
9.713445598449196,34.772371653160604,0.8,83,4,WAIT
84.40335269278792,5.646058364993618,10.7,62,12,NO_IRRIGATION
67.07605652063422,97.90679453895535,17.4,28,17,POSTPONE
53.54155345926145,98.82066341647533,22.7,65,10,POSTPONE
46.551946731826106,77.90666974822844,21.4,63,2,POSTPONE
99.6650808967619,79.03120471362905,22.2,69,21,NO_IRRIGATION
87.90104725185489,14.306170574489428,14.4,30,20,NO_IRRIGATION
20.399429517663886,19.253646054844484,39.9,50,15,IRRIGATE
70.43407637683532,63.33940046764566,33.4,77,0,NO_IRRIGATION
5.37718604414005,87.42814533453493,4.7,86,14,WAIT
64.48953629590955,71.32985659873603,2.9,38,15,POSTPONE
64.07178878173374,74.45801693519076,28.1,36,0,POSTPONE
10.046623506198625,11.561845929266951,6.8,95,2,IRRIGATE
9.141796819652878,78.99175222334478,8.8,45,13,POSTPONE
95.78397837296193,37.208024395693336,27.4,89,4,NO_IRRIGATION
29.642278823672722,71.73447648700355,2.5,55,4,POSTPONE
22.962957856798717,66.65006126751462,9.7,94,1,POSTPONE
81.12441505313896,95.57753661391365,35.2,30,0,NO_IRRIGATION
13.067412484568043,78.86915141967918,16.6,80,22,POSTPONE
19.39825703732295,65.50419131011004,9.6,42,19,POSTPONE
72.80000466981521,64.12049817668633,3.5,58,11,NO_IRRIGATION
68.35639007329218,19.866035247608945,39.1,99,11,WAIT
100.0,61.192761336581114,30.8,46,8,NO_IRRIGATION
16.96612971642743,90.43781694535716,36.5,83,5,POSTPONE
0.5402761433169871,43.85064520013256,17.4,62,19,WAIT
96.53147627736013,15.404168848131341,37.0,42,5,NO_IRRIGATION
62.14903717607745,12.950791749007987,28.9,95,18,WAIT
40.19066274156804,96.76852545875109,13.0,34,10,POSTPONE
32.37747866009142,23.75532387877741,8.8,80,18,WAIT
57.543393559045256,51.44941271961966,37.1,78,5,WAIT
47.734850819141016,60.1982121612247,25.3,54,6,POSTPONE
5.922105295111674,4.806041548885516,4.4,79,14,IRRIGATE
95.43576008229357,38.03635982847125,31.6,98,5,NO_IRRIGATION
73.55004021746683,10.116961423827242,20.9,47,18,NO_IRRIGATION
56.791708783395876,92.28110366584202,34.9,51,10,POSTPONE
31.918226281365726,79.4625235459931,36.6,20,13,WAIT
9.912735035319077,95.68606390835467,1.3,87,12,POSTPONE
92.21291320756072,56.952850434222185,3.3,21,22,NO_IRRIGATION
23.327120017886585,34.39062396046819,40.0,22,15,IRRIGATE
22.033044879085036,75.47286696610303,1.0,78,14,POSTPONE
89.05360372252358,48.268109564803225,28.2,20,20,NO_IRRIGATION
86.32906138382259,1.965899812124837,30.1,98,17,NO_IRRIGATION
28.87691844140479,11.204552120033446,13.4,27,16,WAIT
84.63990522086456,2.1096654372628767,14.6,99,1,NO_IRRIGATION
23.481726583748344,85.67005914157318,28.4,46,4,WAIT
30.39633826267404,82.78493465016633,37.6,94,22,POSTPONE
97.60885903428772,39.527116693402306,10.7,74,8,NO_IRRIGATION
45.45226581785162,62.01450095524509,33.2,80,22,POSTPONE
71.99451198371234,58.20951267839565,32.0,28,6,NO_IRRIGATION
53.87308750153858,53.97945859870403,11.5,29,3,WAIT
18.75942736208622,85.47954042973583,6.0,46,16,WAIT
0.0,87.41434958068442,5.3,64,13,POSTPONE
77.21482298459983,19.62949508592759,34.9,49,16,NO_IRRIGATION
52.7870460557038,84.46051226458135,13.1,95,21,POSTPONE
69.45256303682976,38.67251660912888,35.9,59,5,WAIT
30.26781938107633,51.707240483771734,30.8,26,4,IRRIGATE
62.562138554927934,83.24131640499755,28.5,56,5,WAIT
91.92859268968635,87.94457280289268,6.5,34,1,WAIT
69.2647351206011,31.696721433438107,8.2,24,21,WAIT
44.780225630391165,16.729149360092663,21.6,40,17,WAIT
34.21490023437396,2.0456233122251115,20.0,38,14,WAIT
36.56053267451333,94.46145587977774,20.3,57,15,POSTPONE
100.0,74.66887731455888,32.0,76,10,NO_IRRIGATION
92.78981233389486,1.3942329345649727,22.0,59,0,NO_IRRIGATION
27.459726911589023,9.26366469674063,24.3,44,18,IRRIGATE
100.0,31.957156734358417,3.3,77,21,NO_IRRIGATION
15.758395069225692,46.94450039345513,12.7,97,16,WAIT
11.08446950217831,44.975579973157195,28.6,74,11,IRRIGATE
0.0,42.080853445643456,17.8,91,2,WAIT
29.27853356955982,58.41527676527181,16.6,76,9,WAIT
23.05672785103326,56.28605515483237,16.6,95,19,WAIT
7.436392829402074,37.74613130006063,34.7,62,2,WAIT
77.56114053545687,6.066188678850281,25.6,54,13,NO_IRRIGATION
61.10247006773325,100.0,8.0,68,9,POSTPONE
8.227992193866395,41.345852016300576,12.2,91,23,WAIT
56.24520221552551,0.0,12.0,80,3,WAIT
84.65913461839307,35.17156772161814,19.7,51,0,NO_IRRIGATION
34.93050225036836,8.988913233992871,14.5,81,18,WAIT
58.683459181928,81.85912836164539,39.0,35,11,POSTPONE
68.175450805223,29.62847232681919,2.3,60,14,WAIT
84.35497393886637,15.528883283784266,14.4,65,1,NO_IRRIGATION
68.3894652527807,9.138664930598052,30.7,43,3,WAIT
78.5262850647521,67.22606860640967,12.6,58,8,NO_IRRIGATION
86.62522677301119,68.80046641466241,32.9,21,4,NO_IRRIGATION
49.78807844854139,50.40313091284837,36.4,33,6,WAIT
19.033828930639736,26.951067380387837,22.3,87,17,IRRIGATE
91.5630674364105,13.17346257422055,36.6,34,4,WAIT
59.48209912416141,86.62568565748737,32.7,96,16,POSTPONE
39.7220715962272,33.2875953722343,32.6,48,4,WAIT
19.88047157425988,35.25344181134112,5.2,30,13,WAIT
90.63023687780125,9.777352975219966,31.0,75,1,NO_IRRIGATION
6.930551816507342,65.93176171625146,18.8,52,1,POSTPONE
80.10272396762298,14.823708141132709,36.8,46,18,WAIT
24.706006478632514,0.0,33.8,55,18,IRRIGATE
23.55138082061964,100.0,9.7,92,2,POSTPONE
76.63244032963993,64.16998075811651,7.7,56,5,WAIT
63.04328928690999,87.98685718508304,8.6,84,22,POSTPONE
89.89380571135325,57.735256981681864,4.3,65,12,NO_IRRIGATION
62.27554212567046,16.614094464824554,12.6,79,3,WAIT
62.35912369905532,95.61250457947932,11.5,25,2,POSTPONE
12.847811168701309,59.00389508427489,12.5,76,7,WAIT
69.07282220502118,50.887849856672716,2.8,80,21,WAIT
43.792972833870785,85.91648373544928,4.2,76,16,POSTPONE
6.19217843885478,49.0062428783653,23.6,33,23,WAIT
16.647104111590235,23.386316463370882,23.8,71,3,IRRIGATE
56.252005003326396,37.648170122019486,30.6,95,8,WAIT
98.89492732293786,86.43225058914986,14.2,97,12,WAIT
62.78890633190975,97.54634741753613,4.9,82,15,POSTPONE
12.297235183388247,89.52852420734708,2.7,23,5,POSTPONE
84.2695588583303,39.219667615237285,3.9,29,21,NO_IRRIGATION
97.9218751335689,56.019317544517136,26.5,82,16,NO_IRRIGATION
46.0948159739131,69.46620033813048,38.1,24,13,POSTPONE
13.83629876748588,43.528742892767234,17.7,24,1,WAIT
22.566665504828915,97.03044571613522,28.2,82,13,POSTPONE
89.890804908235,93.09381992882902,27.0,90,21,NO_IRRIGATION
59.759110552240564,20.06685048757025,15.7,83,18,WAIT
49.16939676377831,47.66470767392091,11.4,27,0,WAIT
70.45118452073619,44.488767877932894,29.7,23,20,NO_IRRIGATION
11.281481902684497,44.11929602557937,2.3,51,7,WAIT
31.480828248865866,70.84941736686147,27.5,59,3,POSTPONE
2.3841681276348847,3.60909386409579,34.5,92,16,WAIT
29.204022727605587,60.87989233599875,39.4,68,18,POSTPONE
68.97725673081924,58.00056683204055,27.0,63,15,WAIT
67.11457177735149,83.39539424826407,24.6,66,13,POSTPONE
84.47334094152653,95.75321181419346,34.0,47,9,NO_IRRIGATION
42.96227693360453,54.04603019549593,25.0,31,22,WAIT
69.9473361515898,40.73364931846185,22.7,87,15,WAIT
51.097391586550806,10.51536813555203,12.1,58,13,WAIT
84.39947579155512,24.14314250665165,10.1,85,14,NO_IRRIGATION
66.80600850886826,3.2784393655755846,20.6,43,18,WAIT
60.12952805018471,99.38102993870491,10.7,88,19,POSTPONE
59.34635933981213,94.26758471577477,20.9,66,14,POSTPONE
21.464335164823133,95.00275674791052,17.4,60,2,POSTPONE
49.669347586014176,37.46042653624596,10.3,96,7,WAIT
48.38483422350575,15.91916011480273,9.8,59,14,WAIT
62.59825010532835,54.220191288510115,36.2,45,5,WAIT
30.3643062881486,35.89669840064184,11.1,90,5,WAIT
85.5252101750845,91.85841965542986,0.8,30,10,NO_IRRIGATION
12.005748849741256,55.96773244168119,26.9,31,12,WAIT
95.42750267241598,26.11932363889913,29.4,35,16,NO_IRRIGATION
78.49674500339596,64.51808058444047,35.4,50,19,NO_IRRIGATION
38.29285910966502,76.37236353680123,32.2,50,13,POSTPONE
9.751542554356801,34.394754127292,10.2,95,1,WAIT
62.33469970335848,93.48710889465819,12.7,74,15,POSTPONE
38.79433540882716,16.629980122687055,28.6,59,0,IRRIGATE
72.34809431742676,95.62223434440354,37.6,50,8,NO_IRRIGATION
40.38949058640626,87.62855098420061,32.5,35,17,POSTPONE
54.884710148562945,54.27507400348729,36.7,58,2,WAIT
93.35460454951398,29.594167373347783,6.4,76,20,NO_IRRIGATION
99.44429500447875,1.7403652568492731,3.2,82,15,NO_IRRIGATION
44.17386017906412,15.244008657361816,27.9,84,2,WAIT
